<customapi uniquename="msdyn_aibdptrewritec1632d4d7d4643488bfad9adfbdd6c47">
  <allowedcustomprocessingsteptype>0</allowedcustomprocessingsteptype>
  <bindingtype>0</bindingtype>
  <description default="Reformulate text to enhance clarity, conciseness and fix grammatical errors">
    <label description="Reformulate text to enhance clarity, conciseness and fix grammatical errors" languagecode="1033" />
  </description>
  <displayname default="AI Rewrite">
    <label description="AI Rewrite" languagecode="1033" />
  </displayname>
  <iscustomizable>0</iscustomizable>
  <isfunction>0</isfunction>
  <isprivate>0</isprivate>
  <name>AIRewrite</name>
  <plugintypeid>
    <plugintypeexportkey>727e8789-bd29-46fa-b00a-3a49605eeb06</plugintypeexportkey>
  </plugintypeid>
  <workflowsdkstepenabled>0</workflowsdkstepenabled>
</customapi>