<manifest><control namespace="PowerCAT" constructor="FluentAIOutputCard" version="0.0.32" display-name-key="OutputCard_Display_Key" description-key="OutputCard_desc" control-type="standard" api-version="1.3.11"><property name="ShowLoader" display-name-key="OutputCard_ShowLoader_Key" of-type="TwoOptions" usage="input" required="true" /><property name="LoadingText" display-name-key="OutputCard_LoadingText_Key" of-type="SingleLine.Text" default-value="Working on it..." usage="input" required="false" /><resources><code path="bundle.js" order="1" /><resx path="strings/OutputCard.1033.resx" version="1.0.0" /></resources><built-by name="pac" version="1.30.2" /></control></manifest>