<aipluginoperation aiplugin.name="msdynaib_AIExpand" operationid="msdynaib_AIExpand">
  <aipluginoperationexportkey>aiplugin.name=msdynaib_AIExpand,operationid=msdynaib_AIExpand</aipluginoperationexportkey>
  <customapi>
    <uniquename>msdyn_aibdptaiexpand99d8246ef28549328a076c1572eba975</uniquename>
  </customapi>
  <description>Expand on the following topic  Text  in  Number of words words
</description>
  <iscustomizable>1</iscustomizable>
  <msdyn_aimodel>
    <msdyn_aimodelid>99d8246e-f285-4932-8a07-6c1572eba975</msdyn_aimodelid>
  </msdyn_aimodel>
  <name>msdynaib_AIExpand</name>
</aipluginoperation>