<manifest><control namespace="PowerCAT" constructor="AITeachingPopover" version="0.0.42" display-name-key="AITeachingPopover_Disp_Key" description-key="AITeachingPopover_desc" control-type="standard" api-version="1.3.11"><property name="AIChatbotPopoverTitle" display-name-key="AITeachingPopover_Title_Disp_Key" description-key="AITeachingPopover_Title_Desc_Key" of-type="SingleLine.Text" usage="bound" default-value="AI Chatbot popover" required="true" /><property name="ButtonText" display-name-key="AITeachingPopover_ButtonText_Disp_Key" description-key="AITeachingPopover_ButtonText_Desc_Key" of-type="SingleLine.Text" default-value="Teaching popover" usage="input" required="false" /><property name="Disclaimer" display-name-key="AITeachingPopover_Disclaimer_Disp_Key" description-key="AITeachingPopover_Disclaimer_Desc_Key" of-type="SingleLine.Text" usage="input" default-value="AI-generated content may be incorrect" required="false" /><property name="InputEvent" display-name-key="AITeachingPopover_InputEvent_Disp_Key" description-key="AITeachingPopover_InputEvent_Desc_Key" of-type="SingleLine.Text" usage="input" required="false" /><property name="Definition" display-name-key="AITeachingPopover_Definition_Disp_Key" description-key="AITeachingPopover_Definition_Desc_Key" of-type="SingleLine.Text" usage="input" default-value="false" required="false" /><property name="ShowDisclaimer" display-name-key="AITeachingPopover_ShowDisclaimer_Disp_Key" of-type="TwoOptions" usage="input" default-value="true" required="false" /><property name="TabIndex" hidden="true" display-name-key="NA" description-key="NA" of-type="Whole.None" usage="input" required="false" /><property name="Tooltip" hidden="true" display-name-key="NA" description-key="NA" of-type="SingleLine.Text" usage="input" required="false" /><event name="OnSubmit" /><resources><code path="bundle.js" order="1" /><resx path="strings/AITeachingPopover.1033.resx" version="1.0.0" /></resources><built-by name="pac" version="1.31.2" /></control></manifest>