<customapi uniquename="msdyn_aibdptaiqnagenerator54b0c71e86834c2f9a60ea59b9d43dc4">
  <allowedcustomprocessingsteptype>0</allowedcustomprocessingsteptype>
  <bindingtype>0</bindingtype>
  <description default="Generates questions and answers based on the provided input text.">
    <label description="Generates questions and answers based on the provided input text." languagecode="1033" />
  </description>
  <displayname default="AI QnA Generator">
    <label description="AI QnA Generator" languagecode="1033" />
  </displayname>
  <iscustomizable>0</iscustomizable>
  <isfunction>0</isfunction>
  <isprivate>0</isprivate>
  <name>AIQnAGenerator</name>
  <plugintypeid>
    <plugintypeexportkey>727e8789-bd29-46fa-b00a-3a49605eeb06</plugintypeexportkey>
  </plugintypeid>
  <workflowsdkstepenabled>0</workflowsdkstepenabled>
</customapi>