<aipluginoperation aiplugin.name="msdynaib_Customprompt228202450236PM" operationid="msdynaib_Customprompt228202450236PM">
  <aipluginoperationexportkey>aiplugin.name=msdynaib_Customprompt228202450236PM,operationid=msdynaib_Customprompt228202450236PM</aipluginoperationexportkey>
  <customapi>
    <uniquename>msdyn_aibdptcustomprompt228202450236pmfa03a8f2db2741658a366f471cb5b2b7</uniquename>
  </customapi>
  <description>Task: Find and Replace

Context:
You are working with a  Text that may contain information such as phone numbers, email addresses, social security numbers, social media handles. Your goal is to find and replace such information with a special character for privacy protection. 

Special Character: " </description>
  <iscustomizable>1</iscustomizable>
  <msdyn_aimodel>
    <msdyn_aimodelid>fa03a8f2-db27-4165-8a36-6f471cb5b2b7</msdyn_aimodelid>
  </msdyn_aimodel>
  <name>msdynaib_AIRedact</name>
</aipluginoperation>