<manifest><control namespace="PowerCAT" constructor="FluentAIAssistant" version="0.0.5" display-name-key="FluentAIAssistant_Disp_Key" description-key="FluentAIAssistant_desc" control-type="standard" api-version="1.3.11"><property name="Title" display-name-key="FluentAIAssistant_Title_Disp_Key" description-key="FluentAIAssistant_Title_Desc_Key" of-type="SingleLine.Text" usage="bound" default-value="AI Chatbot popover" required="true" /><property name="PlaceholderText" display-name-key="FluentAIAssistant_Placeholder_Disp_Key" description-key="FluentAIAssistant_Placeholder_Desc_Key" of-type="SingleLine.Text" default-value="Ask a question or Send a message" usage="input" required="false" /><property name="AccessibleLabel" display-name-key="FluentAIAssistant_AccessibleLabel_Disp_Key" description-key="FluentAIAssistant_AccessibleLabel_Desc_Key" of-type="SingleLine.Text" default-value="PowerChatbot Chatbot" usage="input" required="false" /><property name="LoadingText" display-name-key="FluentAIAssistant_LoadingText_Disp_Key" description-key="FluentAIAssistant_LoadingText_Desc_Key" of-type="SingleLine.Text" usage="input" default-value="Working on it..." required="false" /><property name="Disclaimer" display-name-key="FluentAIAssistant_Disclaimer_Disp_Key" description-key="FluentAIAssistant_Disclaimer_Desc_Key" of-type="SingleLine.Text" usage="input" default-value="AI-generated content may be incorrect" required="false" /><property name="StopGenerateText" display-name-key="FluentAIAssistant_StopGenerateText_Disp_Key" description-key="FluentAIAssistant_StopGenerateText_Desc_Key" of-type="SingleLine.Text" default-value="Stop generating" usage="input" required="false" /><property name="ShowCount" display-name-key="FluentAIAssistant_ShowCount_Disp_Key" of-type="TwoOptions" usage="input" default-value="false" required="false" /><property name="ShowDisclaimer" display-name-key="FluentAIAssistant_ShowDisclaimer_Disp_Key" of-type="TwoOptions" usage="input" default-value="true" required="false" /><property name="TabIndex" hidden="true" display-name-key="NA" description-key="NA" of-type="Whole.None" usage="input" required="false" /><property name="Tooltip" hidden="true" display-name-key="NA" description-key="NA" of-type="SingleLine.Text" usage="input" required="false" /><property name="SubmittedText" display-name-key="FluentAIAssistant_SubmittedText_Disp_Key" description-key="FluentAIAssistant_SubmittedText_Desc_Key" of-type="SingleLine.Text" usage="output" required="true" /><data-set name="Items" display-name-key="FluentAIAssistant_Items_Disp_Key" description-key="FluentAIAssistant_Items_Desc_Key" allow-default-selected-items="true" resettable="true" /><data-set name="Suggestions" display-name-key="FluentAIAssistant_Suggestions_Disp_Key" description-key="FluentAIAssistant_Suggestions_Desc_Key" allow-default-selected-items="true" resettable="true" /><common-property name="Height" default-value="675" /><common-property name="Width" default-value="320" /><event name="OnSubmit" /><event name="OnStop" /><event name="OnSuggestionSubmit" /><resources><code path="bundle.js" order="1" /><resx path="strings/FluentAIAssistant.1033.resx" version="1.0.0" /></resources><built-by name="pac" version="1.31.2" /></control></manifest>