<customapirequestparameter uniquename="Original_20Text">
  <description default="Text to be rewritten according to specified conditions.">
    <label description="Text to be rewritten according to specified conditions." languagecode="1033" />
  </description>
  <displayname default="Original Text">
    <label description="Original Text" languagecode="1033" />
  </displayname>
  <iscustomizable>0</iscustomizable>
  <isoptional>0</isoptional>
  <name>msdyn_aibdpt.Original_20Text</name>
  <type>10</type>
</customapirequestparameter>