<customapirequestparameter uniquename="Text">
  <description default="Input text to be used for generating questions and answers">
    <label description="Input text to be used for generating questions and answers" languagecode="1033" />
  </description>
  <displayname default="Text">
    <label description="Text" languagecode="1033" />
  </displayname>
  <iscustomizable>0</iscustomizable>
  <isoptional>0</isoptional>
  <name>msdyn_aibdpt.Text</name>
  <type>10</type>
</customapirequestparameter>