<customapi uniquename="msdyn_aibdptgeneratetitle68fdf9bdd5c34a448aa260183afafe0c">
  <allowedcustomprocessingsteptype>0</allowedcustomprocessingsteptype>
  <bindingtype>0</bindingtype>
  <description default="Generates a headline from the provided input text.">
    <label description="Generates a headline from the provided input text." languagecode="1033" />
  </description>
  <displayname default="AI Generate Headline">
    <label description="AI Generate Headline" languagecode="1033" />
  </displayname>
  <iscustomizable>0</iscustomizable>
  <isfunction>0</isfunction>
  <isprivate>0</isprivate>
  <name>AIGenerateHeadline</name>
  <plugintypeid>
    <plugintypeexportkey>727e8789-bd29-46fa-b00a-3a49605eeb06</plugintypeexportkey>
  </plugintypeid>
  <workflowsdkstepenabled>0</workflowsdkstepenabled>
</customapi>