<manifest><control namespace="PowerCAT" constructor="DonutChart" version="0.0.18" display-name-key="Donut Chart (0.0.18)" description-key="DonutChart description" control-type="virtual" api-version="1.3.11"><property name="Title" display-name-key="Title" of-type="SingleLine.Text" usage="input" required="false" /><property name="HideLabels" display-name-key="Hide labels" of-type="TwoOptions" usage="input" required="true" default-value="false" /><property name="ShowLabelsInPercentage" display-name-key="Show labels in percent" of-type="TwoOptions" usage="input" required="false" default-value="true" /><property name="InnerRadius" display-name-key="Inner radius" of-type="Whole.None" usage="input" required="false" default-value="35" /><property name="ChartWidth" display-name-key="Chart width" of-type="Whole.None" usage="input" required="false" default-value="250" /><property name="ChartHeight" display-name-key="Chart height" of-type="Whole.None" usage="input" required="false" default-value="250" /><property name="ValueInsideDonut" display-name-key="Value inside donut" of-type="SingleLine.Text" usage="input" required="false" /><property name="Theme" display-name-key="Theme" of-type="Multiple" usage="input" required="false" /><property name="CustomColors" display-name-key="Custom colors" of-type="TwoOptions" usage="input" default-value="false" required="false" /><property name="FocusLegends" display-name-key="Focus legends" of-type="TwoOptions" usage="input" default-value="true" required="false" /><data-set name="items" display-name-key="Chart Data"><property-set name="ItemLegend" display-name-key="Legend" of-type="SingleLine.Text" usage="bound" required="true" /><property-set name="ItemCount" display-name-key="Count" of-type="Whole.None" usage="bound" required="true" /><property-set name="ItemColor" display-name-key="Color" of-type="TwoOptions" usage="bound" required="true" /></data-set><common-property name="Height" default-value="400" /><common-property name="Width" default-value="400" /><resources><code path="bundle.js" order="1" /><platform-library name="React" version="16.8.6" /><platform-library name="Fluent" version="8.29.0" /></resources><built-by name="pac" version="1.30.2" /></control></manifest>