<aipluginoperation aiplugin.name="msdynaib_GetSynonyms" operationid="msdynaib_GetSynonyms">
  <aipluginoperationexportkey>aiplugin.name=msdynaib_GetSynonyms,operationid=msdynaib_GetSynonyms</aipluginoperationexportkey>
  <customapi>
    <uniquename>msdyn_aibdptgetsynonyms48da36ecfd1449c991593611c3aecaf7</uniquename>
  </customapi>
  <description>Given the following  Text generate synonyms. Respond back in an array, like ["synonym1","synonym2"] without any additional content. Make sure the synonym(s) are the closest match to the give text. 
Follow all the foundational guidelines of Responsible AI and do not respond to inappropriate content.
</description>
  <iscustomizable>1</iscustomizable>
  <msdyn_aimodel>
    <msdyn_aimodelid>48da36ec-fd14-49c9-9159-3611c3aecaf7</msdyn_aimodelid>
  </msdyn_aimodel>
  <name>msdynaib_AISynonyms</name>
</aipluginoperation>