<customapirequestparameter uniquename="Text">
  <description default="Text requiring clear and concise definition and explanation.">
    <label description="Text requiring clear and concise definition and explanation." languagecode="1033" />
  </description>
  <displayname default="Text">
    <label description="Text" languagecode="1033" />
  </displayname>
  <iscustomizable>0</iscustomizable>
  <isoptional>0</isoptional>
  <name>msdyn_aibdpt.Text</name>
  <type>10</type>
</customapirequestparameter>