<customapi uniquename="msdyn_aibdptaipalette9eed90139df84d1fa914faf83e2bd028">
  <allowedcustomprocessingsteptype>0</allowedcustomprocessingsteptype>
  <bindingtype>0</bindingtype>
  <description default="Monochromatic color palettes are based on a single color paired with various shades and tints. Like analogous palettes, monochromatic palettes can be very pleasing to look at. Generate a json list of 10 colors that are monochromatic based the primary color inspired from this Text : Example response:">
    <label description="Monochromatic color palettes are based on a single color paired with various shades and tints. Like analogous palettes, monochromatic palettes can be very pleasing to look at. Generate a json list of 10 colors that are monochromatic based the primary color inspired from this Text : Example response:" languagecode="1033" />
  </description>
  <displayname default="AI Palette">
    <label description="AI Palette" languagecode="1033" />
  </displayname>
  <iscustomizable>0</iscustomizable>
  <isfunction>0</isfunction>
  <isprivate>0</isprivate>
  <name>AIPalette</name>
  <plugintypeid>
    <plugintypeexportkey>727e8789-bd29-46fa-b00a-3a49605eeb06</plugintypeexportkey>
  </plugintypeid>
  <workflowsdkstepenabled>0</workflowsdkstepenabled>
</customapi>