<aipluginoperation aiplugin.name="msdynaib_AINL2Ratings" operationid="msdynaib_AINL2Ratings">
  <aipluginoperationexportkey>aiplugin.name=msdynaib_AINL2Ratings,operationid=msdynaib_AINL2Ratings</aipluginoperationexportkey>
  <customapi>
    <uniquename>msdyn_aibdptainl2ratingsbaf4e04fb86e48d6b317c98f6b951e03</uniquename>
  </customapi>
  <description>Given a generic review comment or feedback, classify and show ratings based on sentiment and other criteria.

Review Comment: "[ Comment ]"

Instructions:
1. The model will analyze the sentiment of the comment and provide a rating based on the sentiment.
2. Return Output the sentiment classification</description>
  <iscustomizable>1</iscustomizable>
  <msdyn_aimodel>
    <msdyn_aimodelid>baf4e04f-b86e-48d6-b317-c98f6b951e03</msdyn_aimodelid>
  </msdyn_aimodel>
  <name>msdynaib_AIRating</name>
</aipluginoperation>